{
  "timestamp": "2025-07-23T00:03:05.080485",
  "health_score": 94.73684210526315,
  "checks_passed": 18,
  "checks_failed": 1,
  "warnings": [],
  "critical_errors": []
}