{
  "parameters": {
    "weight_projection": 0.3773595675092053,
    "weight_recent": 0.36931183387251365,
    "weight_season": 0.1890108257960834,
    "consistency_weight": 0.24994454993253398,
    "consistency_method": "both",
    "recent_games_window": 4,
    "use_platoon": 1,
    "platoon_advantage_boost": 1.0837826593923623,
    "use_streaks": 1,
    "streak_hot_boost": 1.084866203144244,
    "streak_cold_penalty": 0.9353059960620218,
    "streak_window": 3,
    "floor_weight": 0.8,
    "use_opponent_quality": 0,
    "vs_ace_penalty": 0.9218979912922467,
    "vs_bad_pitcher_boost": 1.15
  },
  "expected_score": 86.21229124210713,
  "config": {
    "weights": {
      "projection": 0.3773595675092053,
      "recent": 0.36931183387251365,
      "season": 0.1890108257960834
    },
    "consistency": {
      "method": "both",
      "weight": 0.24994454993253398
    },
    "recent_window": 4,
    "floor_ceiling": {
      "floor_weight": 0.8,
      "ceiling_weight": 0.2
    },
    "features": {
      "platoon": {
        "advantage_boost": 1.0837826593923623
      },
      "streaks": {
        "hot_boost": 1.084866203144244,
        "cold_penalty": 0.9353059960620218,
        "window": 3
      }
    }
  }
}